"Product ID";"Brand";"Product Name";"Image URL";"Deeplink URL"
"10317973";"Samsung";"Samsung A510F Galaxy A5 (2016) 16GB black";"http://d2wr8zbg9aclns.cloudfront.net/products/010/317/973/covers/205.jpeg";"https://www.rebuy.co.uk/sell/samsung-a510f-galaxy-a5-2016-16gb-black_10317973"
"10317974";"Samsung";"Samsung A510F Galaxy A5 (2016) 16GB white";"http://d2wr8zbg9aclns.cloudfront.net/products/010/317/974/covers/205.jpeg";"https://www.rebuy.co.uk/sell/samsung-a510f-galaxy-a5-2016-16gb-white_10317974"
"10317975";"Samsung";"Samsung A510F Galaxy A5 (2016) 16GB gold";"http://d2wr8zbg9aclns.cloudfront.net/products/010/317/975/covers/205.jpeg";"https://www.rebuy.co.uk/sell/samsung-a510f-galaxy-a5-2016-16gb-gold_10317975"
"10319731";"Samsung";"Samsung N920C Galaxy Note 5 32GB white pearl";"http://d2wr8zbg9aclns.cloudfront.net/products/010/319/731/covers/205.jpeg";"https://www.rebuy.co.uk/sell/samsung-n920c-galaxy-note-5-32gb-white-pearl_10319731"
"10319746";"Samsung";"Samsung N920CD Galaxy Note 5 DuoS 32GB white pearl";"http://d2wr8zbg9aclns.cloudfront.net/products/010/319/746/covers/205.jpeg";"https://www.rebuy.co.uk/sell/samsung-n920cd-galaxy-note-5-duos-32gb-white-pearl_10319746"
"10320610";"Samsung";"Samsung G930F Galaxy S7 32GB black onyx";"http://d2wr8zbg9aclns.cloudfront.net/products/010/320/610/covers/205.jpeg";"https://www.rebuy.co.uk/sell/samsung-g930f-galaxy-s7-32gb-black-onyx_10320610"
"10320612";"Samsung";"Samsung G930F Galaxy S7 32GB white pearl";"http://d2wr8zbg9aclns.cloudfront.net/products/010/320/612/covers/205.jpeg";"https://www.rebuy.co.uk/sell/samsung-g930f-galaxy-s7-32gb-white-pearl_10320612"
"10320614";"Samsung";"Samsung G930F Galaxy S7 32GB gold platinum";"http://d2wr8zbg9aclns.cloudfront.net/products/010/320/614/covers/205.jpeg";"https://www.rebuy.co.uk/sell/samsung-g930f-galaxy-s7-32gb-gold-platinum_10320614"
"10320616";"Samsung";"Samsung G935F Galaxy S7 edge 32GB black onyx";"http://d2wr8zbg9aclns.cloudfront.net/products/010/320/616/covers/205.jpeg";"https://www.rebuy.co.uk/sell/samsung-g935f-galaxy-s7-edge-32gb-black-onyx_10320616"
"10320619";"Samsung";"Samsung G935F Galaxy S7 edge 32GB white pearl";"http://d2wr8zbg9aclns.cloudfront.net/products/010/320/619/covers/205.jpeg";"https://www.rebuy.co.uk/sell/samsung-g935f-galaxy-s7-edge-32gb-white-pearl_10320619"
"10320621";"Samsung";"Samsung G935F Galaxy S7 edge 32GB gold platinum";"http://d2wr8zbg9aclns.cloudfront.net/products/010/320/621/covers/205.jpeg";"https://www.rebuy.co.uk/sell/samsung-g935f-galaxy-s7-edge-32gb-gold-platinum_10320621"
"10322377";"Apple";"Apple iPhone SE 16GB silver";"http://d2wr8zbg9aclns.cloudfront.net/products/010/322/377/covers/205.jpeg";"https://www.rebuy.co.uk/sell/apple-iphone-se-16gb-silver_10322377"
"10322378";"Apple";"Apple iPhone SE 16GB gold";"http://d2wr8zbg9aclns.cloudfront.net/products/010/322/378/covers/205.jpeg";"https://www.rebuy.co.uk/sell/apple-iphone-se-16gb-gold_10322378"
"10322379";"Apple";"Apple iPhone SE 16GB space grey";"http://d2wr8zbg9aclns.cloudfront.net/products/010/322/379/covers/205.jpeg";"https://www.rebuy.co.uk/sell/apple-iphone-se-16gb-space-grey_10322379"
"10322380";"Apple";"Apple iPhone SE 16GB rose gold";"http://d2wr8zbg9aclns.cloudfront.net/products/010/322/380/covers/205.jpeg";"https://www.rebuy.co.uk/sell/apple-iphone-se-16gb-rose-gold_10322380"
"10322381";"Apple";"Apple iPhone SE 64GB silver";"http://d2wr8zbg9aclns.cloudfront.net/products/010/322/381/covers/205.jpeg";"https://www.rebuy.co.uk/sell/apple-iphone-se-64gb-silver_10322381"
"10322382";"Apple";"Apple iPhone SE 64GB gold";"http://d2wr8zbg9aclns.cloudfront.net/products/010/322/382/covers/205.jpeg";"https://www.rebuy.co.uk/sell/apple-iphone-se-64gb-gold_10322382"
"10322383";"Apple";"Apple iPhone SE 64GB space grey";"http://d2wr8zbg9aclns.cloudfront.net/products/010/322/383/covers/205.jpeg";"https://www.rebuy.co.uk/sell/apple-iphone-se-64gb-space-grey_10322383"
"10322384";"Apple";"Apple iPhone SE 64GB rose gold";"http://d2wr8zbg9aclns.cloudfront.net/products/010/322/384/covers/205.jpeg";"https://www.rebuy.co.uk/sell/apple-iphone-se-64gb-rose-gold_10322384"
"10393074";"Samsung";"Samsung G930F Galaxy S7 32GB silver";"http://d2wr8zbg9aclns.cloudfront.net/products/010/393/074/covers/205.jpeg";"https://www.rebuy.co.uk/sell/samsung-g930f-galaxy-s7-32gb-silver_10393074"
"10395615";"Samsung";"Samsung J710F Galaxy J7 (2016) 16GB black";"http://d2wr8zbg9aclns.cloudfront.net/products/010/395/615/covers/205.jpeg";"https://www.rebuy.co.uk/sell/samsung-j710f-galaxy-j7-2016-16gb-black_10395615"
"10395617";"Samsung";"Samsung J710F Galaxy J7 (2016) 16GB gold";"http://d2wr8zbg9aclns.cloudfront.net/products/010/395/617/covers/205.jpeg";"https://www.rebuy.co.uk/sell/samsung-j710f-galaxy-j7-2016-16gb-gold_10395617"
"10395618";"Samsung";"Samsung J710F Galaxy J7 (2016) 16GB white";"http://d2wr8zbg9aclns.cloudfront.net/products/010/395/618/covers/205.jpeg";"https://www.rebuy.co.uk/sell/samsung-j710f-galaxy-j7-2016-16gb-white_10395618"
"10405650";"Samsung";"Samsung G935F Galaxy S7 edge 32GB silver titanium";"http://d2wr8zbg9aclns.cloudfront.net/products/010/405/650/covers/205.jpeg";"https://www.rebuy.co.uk/sell/samsung-g935f-galaxy-s7-edge-32gb-silver-titanium_10405650"
"10405798";"Samsung";"Samsung G930F Galaxy S7 32GB pink gold";"http://d2wr8zbg9aclns.cloudfront.net/products/010/405/798/covers/205.jpeg";"https://www.rebuy.co.uk/sell/samsung-g930f-galaxy-s7-32gb-pink-gold_10405798"
"10405804";"Samsung";"Samsung G935F Galaxy S7 edge 32GB pink gold";"http://d2wr8zbg9aclns.cloudfront.net/products/010/405/804/covers/205.jpeg";"https://www.rebuy.co.uk/sell/samsung-g935f-galaxy-s7-edge-32gb-pink-gold_10405804"
"10420409";"Samsung";"Samsung G935F Galaxy S7 edge 32GB [Olympic Games Limited Edition] black";"http://d2wr8zbg9aclns.cloudfront.net/products/010/420/409/covers/205.jpeg";"https://www.rebuy.co.uk/sell/samsung-g935f-galaxy-s7-edge-32gb-olympic-games-limited-edition-black_10420409"
"10426228";"Samsung";"Samsung N950F Galaxy Note 8 64GB midnight black";"http://d2wr8zbg9aclns.cloudfront.net/products/010/426/228/covers/205.jpeg";"https://www.rebuy.co.uk/sell/samsung-n950f-galaxy-note-8-64gb-midnight-black_10426228"
"10427382";"Samsung";"Samsung G930FD Galaxy S7 32GB DuoS black onyx";"http://d2wr8zbg9aclns.cloudfront.net/products/010/427/382/covers/205.jpeg";"https://www.rebuy.co.uk/sell/samsung-g930fd-galaxy-s7-32gb-duos-black-onyx_10427382"
"10427388";"Samsung";"Samsung G930FD Galaxy S7 32GB DuoS silver";"http://d2wr8zbg9aclns.cloudfront.net/products/010/427/388/covers/205.jpeg";"https://www.rebuy.co.uk/sell/samsung-g930fd-galaxy-s7-32gb-duos-silver_10427388"
"10427392";"Samsung";"Samsung G930FD Galaxy S7 32GB DuoS white pearl";"http://d2wr8zbg9aclns.cloudfront.net/products/010/427/392/covers/205.jpeg";"https://www.rebuy.co.uk/sell/samsung-g930fd-galaxy-s7-32gb-duos-white-pearl_10427392"
"10427394";"Samsung";"Samsung G930FD Galaxy S7 32GB DuoS pink gold";"http://d2wr8zbg9aclns.cloudfront.net/products/010/427/394/covers/205.jpeg";"https://www.rebuy.co.uk/sell/samsung-g930fd-galaxy-s7-32gb-duos-pink-gold_10427394"
"10427397";"Samsung";"Samsung G935FD Galaxy S7 edge DuoS 32GB black onyx";"http://d2wr8zbg9aclns.cloudfront.net/products/010/427/397/covers/205.jpeg";"https://www.rebuy.co.uk/sell/samsung-g935fd-galaxy-s7-edge-duos-32gb-black-onyx_10427397"
"10427398";"Samsung";"Samsung G935FD Galaxy S7 edge DuoS 32GB silver";"http://d2wr8zbg9aclns.cloudfront.net/products/010/427/398/covers/205.jpeg";"https://www.rebuy.co.uk/sell/samsung-g935fd-galaxy-s7-edge-duos-32gb-silver_10427398"
"10427399";"Samsung";"Samsung G935FD Galaxy S7 edge DuoS 32GB pink gold";"http://d2wr8zbg9aclns.cloudfront.net/products/010/427/399/covers/205.jpeg";"https://www.rebuy.co.uk/sell/samsung-g935fd-galaxy-s7-edge-duos-32gb-pink-gold_10427399"
"10427400";"Samsung";"Samsung G935FD Galaxy S7 edge DuoS 32GB gold";"http://d2wr8zbg9aclns.cloudfront.net/products/010/427/400/covers/205.jpeg";"https://www.rebuy.co.uk/sell/samsung-g935fd-galaxy-s7-edge-duos-32gb-gold_10427400"
"10427401";"Samsung";"Samsung G9350 Galaxy S7 edge DuoS 32GB [Injustice Edition] black onyx";"http://d2wr8zbg9aclns.cloudfront.net/products/010/427/401/covers/205.jpeg";"https://www.rebuy.co.uk/sell/samsung-g9350-galaxy-s7-edge-duos-32gb-injustice-edition-black-onyx_10427401"
"10430436";"Apple";"Apple iPhone 7 256GB rose gold";"http://d2wr8zbg9aclns.cloudfront.net/products/010/430/436/covers/205.jpeg";"https://www.rebuy.co.uk/sell/apple-iphone-7-256gb-rose-gold_10430436"
"10430438";"Apple";"Apple iPhone 7 32GB silver";"http://d2wr8zbg9aclns.cloudfront.net/products/010/430/438/covers/205.jpeg";"https://www.rebuy.co.uk/sell/apple-iphone-7-32gb-silver_10430438"
"10430439";"Apple";"Apple iPhone 7 32GB gold";"http://d2wr8zbg9aclns.cloudfront.net/products/010/430/439/covers/205.jpeg";"https://www.rebuy.co.uk/sell/apple-iphone-7-32gb-gold_10430439"
"10430441";"Apple";"Apple iPhone 7 128GB black";"http://d2wr8zbg9aclns.cloudfront.net/products/010/430/441/covers/205.jpeg";"https://www.rebuy.co.uk/sell/apple-iphone-7-128gb-black_10430441"
"10430442";"Apple";"Apple iPhone 7 128GB jet black";"http://d2wr8zbg9aclns.cloudfront.net/products/010/430/442/covers/205.jpeg";"https://www.rebuy.co.uk/sell/apple-iphone-7-128gb-jet-black_10430442"
"10430443";"Apple";"Apple iPhone 7 128GB silver";"http://d2wr8zbg9aclns.cloudfront.net/products/010/430/443/covers/205.jpeg";"https://www.rebuy.co.uk/sell/apple-iphone-7-128gb-silver_10430443"
"10430444";"Apple";"Apple iPhone 7 128GB gold";"http://d2wr8zbg9aclns.cloudfront.net/products/010/430/444/covers/205.jpeg";"https://www.rebuy.co.uk/sell/apple-iphone-7-128gb-gold_10430444"
"10430445";"Apple";"Apple iPhone 7 128GB rose gold";"http://d2wr8zbg9aclns.cloudfront.net/products/010/430/445/covers/205.jpeg";"https://www.rebuy.co.uk/sell/apple-iphone-7-128gb-rose-gold_10430445"
"10430446";"Apple";"Apple iPhone 7 256GB black";"http://d2wr8zbg9aclns.cloudfront.net/products/010/430/446/covers/205.jpeg";"https://www.rebuy.co.uk/sell/apple-iphone-7-256gb-black_10430446"
"10430447";"Apple";"Apple iPhone 7 256GB jet black";"http://d2wr8zbg9aclns.cloudfront.net/products/010/430/447/covers/205.jpeg";"https://www.rebuy.co.uk/sell/apple-iphone-7-256gb-jet-black_10430447"
"10430448";"Apple";"Apple iPhone 7 256GB silver";"http://d2wr8zbg9aclns.cloudfront.net/products/010/430/448/covers/205.jpeg";"https://www.rebuy.co.uk/sell/apple-iphone-7-256gb-silver_10430448"
"10430449";"Apple";"Apple iPhone 7 256GB gold";"http://d2wr8zbg9aclns.cloudfront.net/products/010/430/449/covers/205.jpeg";"https://www.rebuy.co.uk/sell/apple-iphone-7-256gb-gold_10430449"
"10430450";"Apple";"Apple iPhone 7 Plus 32GB black";"http://d2wr8zbg9aclns.cloudfront.net/products/010/430/450/covers/205.jpeg";"https://www.rebuy.co.uk/sell/apple-iphone-7-plus-32gb-black_10430450"
"10430451";"Apple";"Apple iPhone 7 Plus 32GB silver";"http://d2wr8zbg9aclns.cloudfront.net/products/010/430/451/covers/205.jpeg";"https://www.rebuy.co.uk/sell/apple-iphone-7-plus-32gb-silver_10430451"
"10430452";"Apple";"Apple iPhone 7 Plus 32GB gold";"http://d2wr8zbg9aclns.cloudfront.net/products/010/430/452/covers/205.jpeg";"https://www.rebuy.co.uk/sell/apple-iphone-7-plus-32gb-gold_10430452"
"10430453";"Apple";"Apple iPhone 7 Plus 32GB rose gold";"http://d2wr8zbg9aclns.cloudfront.net/products/010/430/453/covers/205.jpeg";"https://www.rebuy.co.uk/sell/apple-iphone-7-plus-32gb-rose-gold_10430453"
"10430455";"Apple";"Apple iPhone 7 Plus 128GB jet black";"http://d2wr8zbg9aclns.cloudfront.net/products/010/430/455/covers/205.jpeg";"https://www.rebuy.co.uk/sell/apple-iphone-7-plus-128gb-jet-black_10430455"
"10430456";"Apple";"Apple iPhone 7 Plus 128GB silver";"http://d2wr8zbg9aclns.cloudfront.net/products/010/430/456/covers/205.jpeg";"https://www.rebuy.co.uk/sell/apple-iphone-7-plus-128gb-silver_10430456"
"10430457";"Apple";"Apple iPhone 7 Plus 128GB gold";"http://d2wr8zbg9aclns.cloudfront.net/products/010/430/457/covers/205.jpeg";"https://www.rebuy.co.uk/sell/apple-iphone-7-plus-128gb-gold_10430457"
"10430458";"Apple";"Apple iPhone 7 Plus 128GB rose gold";"http://d2wr8zbg9aclns.cloudfront.net/products/010/430/458/covers/205.jpeg";"https://www.rebuy.co.uk/sell/apple-iphone-7-plus-128gb-rose-gold_10430458"
"10430459";"Apple";"Apple iPhone 7 Plus 256GB black";"http://d2wr8zbg9aclns.cloudfront.net/products/010/430/459/covers/205.jpeg";"https://www.rebuy.co.uk/sell/apple-iphone-7-plus-256gb-black_10430459"
"10430460";"Apple";"Apple iPhone 7 Plus 256GB jet black";"http://d2wr8zbg9aclns.cloudfront.net/products/010/430/460/covers/205.jpeg";"https://www.rebuy.co.uk/sell/apple-iphone-7-plus-256gb-jet-black_10430460"
"10430461";"Apple";"Apple iPhone 7 Plus 256GB silver";"http://d2wr8zbg9aclns.cloudfront.net/products/010/430/461/covers/205.jpeg";"https://www.rebuy.co.uk/sell/apple-iphone-7-plus-256gb-silver_10430461"
"10430462";"Apple";"Apple iPhone 7 Plus 256GB gold";"http://d2wr8zbg9aclns.cloudfront.net/products/010/430/462/covers/205.jpeg";"https://www.rebuy.co.uk/sell/apple-iphone-7-plus-256gb-gold_10430462"
"10430463";"Apple";"Apple iPhone 7 Plus 256GB rose gold";"http://d2wr8zbg9aclns.cloudfront.net/products/010/430/463/covers/205.jpeg";"https://www.rebuy.co.uk/sell/apple-iphone-7-plus-256gb-rose-gold_10430463"
"10431953";"Samsung";"Samsung A510F Galaxy A5 (2016) 16GB rose gold";"http://d2wr8zbg9aclns.cloudfront.net/products/010/431/953/covers/205.jpeg";"https://www.rebuy.co.uk/sell/samsung-a510f-galaxy-a5-2016-16gb-rose-gold_10431953"
"10549985";"Samsung";"Samsung J510F Galaxy J5 (2016) DUOS 16GB white";"http://d2wr8zbg9aclns.cloudfront.net/products/010/549/985/covers/205.jpeg";"https://www.rebuy.co.uk/sell/samsung-j510f-galaxy-j5-2016-duos-16gb-white_10549985"
"10549991";"Samsung";"Samsung J510F Galaxy J5 (2016) DUOS 16GB black";"http://d2wr8zbg9aclns.cloudfront.net/products/010/549/991/covers/205.jpeg";"https://www.rebuy.co.uk/sell/samsung-j510f-galaxy-j5-2016-duos-16gb-black_10549991"
"10560685";"Samsung";"Samsung A320F Galaxy A3 (2017) 16GB black sky";"http://d2wr8zbg9aclns.cloudfront.net/products/010/560/685/covers/205.jpeg";"https://www.rebuy.co.uk/sell/samsung-a320f-galaxy-a3-2017-16gb-black-sky_10560685"
"10560687";"Samsung";"Samsung A320F Galaxy A3 (2017) 16GB gold sand";"http://d2wr8zbg9aclns.cloudfront.net/products/010/560/687/covers/205.jpeg";"https://www.rebuy.co.uk/sell/samsung-a320f-galaxy-a3-2017-16gb-gold-sand_10560687"
"10560688";"Samsung";"Samsung A320F Galaxy A3 (2017) 16GB blue mist";"http://d2wr8zbg9aclns.cloudfront.net/products/010/560/688/covers/205.jpeg";"https://www.rebuy.co.uk/sell/samsung-a320f-galaxy-a3-2017-16gb-blue-mist_10560688"
"10560689";"Samsung";"Samsung A320F Galaxy A3 (2017) 16GB peach cloud";"http://d2wr8zbg9aclns.cloudfront.net/products/010/560/689/covers/205.jpeg";"https://www.rebuy.co.uk/sell/samsung-a320f-galaxy-a3-2017-16gb-peach-cloud_10560689"
"10560691";"Samsung";"Samsung A520F Galaxy A5 (2017) 32GB black sky";"http://d2wr8zbg9aclns.cloudfront.net/products/010/560/691/covers/205.jpeg";"https://www.rebuy.co.uk/sell/samsung-a520f-galaxy-a5-2017-32gb-black-sky_10560691"
"10560692";"Samsung";"Samsung A520F Galaxy A5 (2017) 32GB gold sand";"http://d2wr8zbg9aclns.cloudfront.net/products/010/560/692/covers/205.jpeg";"https://www.rebuy.co.uk/sell/samsung-a520f-galaxy-a5-2017-32gb-gold-sand_10560692"
"10560693";"Samsung";"Samsung A520F Galaxy A5 (2017) 32GB blue mist";"http://d2wr8zbg9aclns.cloudfront.net/products/010/560/693/covers/205.jpeg";"https://www.rebuy.co.uk/sell/samsung-a520f-galaxy-a5-2017-32gb-blue-mist_10560693"
"10560696";"Samsung";"Samsung A520F Galaxy A5 (2017) 32GB peach cloud";"http://d2wr8zbg9aclns.cloudfront.net/products/010/560/696/covers/205.jpeg";"https://www.rebuy.co.uk/sell/samsung-a520f-galaxy-a5-2017-32gb-peach-cloud_10560696"
"10597795";"Apple";"Apple iPhone SE 32GB space grey";"http://d2wr8zbg9aclns.cloudfront.net/products/010/597/795/covers/205.jpeg";"https://www.rebuy.co.uk/sell/apple-iphone-se-32gb-space-grey_10597795"
"10597796";"Apple";"Apple iPhone SE 128GB space grey";"http://d2wr8zbg9aclns.cloudfront.net/products/010/597/796/covers/205.jpeg";"https://www.rebuy.co.uk/sell/apple-iphone-se-128gb-space-grey_10597796"
"10597797";"Apple";"Apple iPhone SE 32GB silver";"http://d2wr8zbg9aclns.cloudfront.net/products/010/597/797/covers/205.jpeg";"https://www.rebuy.co.uk/sell/apple-iphone-se-32gb-silver_10597797"
"10597798";"Apple";"Apple iPhone SE 128GB silver";"http://d2wr8zbg9aclns.cloudfront.net/products/010/597/798/covers/205.jpeg";"https://www.rebuy.co.uk/sell/apple-iphone-se-128gb-silver_10597798"
"10597799";"Apple";"Apple iPhone SE 32GB gold";"http://d2wr8zbg9aclns.cloudfront.net/products/010/597/799/covers/205.jpeg";"https://www.rebuy.co.uk/sell/apple-iphone-se-32gb-gold_10597799"
"10597800";"Apple";"Apple iPhone SE 128GB gold";"http://d2wr8zbg9aclns.cloudfront.net/products/010/597/800/covers/205.jpeg";"https://www.rebuy.co.uk/sell/apple-iphone-se-128gb-gold_10597800"
"10597801";"Apple";"Apple iPhone SE 32GB rose gold";"http://d2wr8zbg9aclns.cloudfront.net/products/010/597/801/covers/205.jpeg";"https://www.rebuy.co.uk/sell/apple-iphone-se-32gb-rose-gold_10597801"
"10597802";"Apple";"Apple iPhone SE 128GB rose gold";"http://d2wr8zbg9aclns.cloudfront.net/products/010/597/802/covers/205.jpeg";"https://www.rebuy.co.uk/sell/apple-iphone-se-128gb-rose-gold_10597802"
"10597803";"Apple";"Apple iPhone 7 128GB red [(PRODUCT) RED Special Edition]";"http://d2wr8zbg9aclns.cloudfront.net/products/010/597/803/covers/205.jpeg";"https://www.rebuy.co.uk/sell/apple-iphone-7-128gb-red-product-red-special-edition_10597803"
"10597804";"Apple";"Apple iPhone 7 Plus 128GB red [(PRODUCT) RED Special Edition]";"http://d2wr8zbg9aclns.cloudfront.net/products/010/597/804/covers/205.jpeg";"https://www.rebuy.co.uk/sell/apple-iphone-7-plus-128gb-red-product-red-special-edition_10597804"
"10597805";"Apple";"Apple iPhone 7 256GB red [(PRODUCT) RED Special Edition]";"http://d2wr8zbg9aclns.cloudfront.net/products/010/597/805/covers/205.jpeg";"https://www.rebuy.co.uk/sell/apple-iphone-7-256gb-red-product-red-special-edition_10597805"
"10597806";"Apple";"Apple iPhone 7 Plus 256GB red [(PRODUCT) RED Special Edition]";"http://d2wr8zbg9aclns.cloudfront.net/products/010/597/806/covers/205.jpeg";"https://www.rebuy.co.uk/sell/apple-iphone-7-plus-256gb-red-product-red-special-edition_10597806"
"10603156";"Samsung";"Samsung G950F Galaxy S8 64GB midnight black";"http://d2wr8zbg9aclns.cloudfront.net/products/010/603/156/covers/205.jpeg";"https://www.rebuy.co.uk/sell/samsung-g950f-galaxy-s8-64gb-midnight-black_10603156"
"10603157";"Samsung";"Samsung G950F Galaxy S8 64GB orchid grey";"http://d2wr8zbg9aclns.cloudfront.net/products/010/603/157/covers/205.jpeg";"https://www.rebuy.co.uk/sell/samsung-g950f-galaxy-s8-64gb-orchid-grey_10603157"
"10603158";"Samsung";"Samsung G950F Galaxy S8 64GB arctic silver";"http://d2wr8zbg9aclns.cloudfront.net/products/010/603/158/covers/205.jpeg";"https://www.rebuy.co.uk/sell/samsung-g950f-galaxy-s8-64gb-arctic-silver_10603158"
"10603159";"Samsung";"Samsung G955F Galaxy S8 Plus 64GB midnight black";"http://d2wr8zbg9aclns.cloudfront.net/products/010/603/159/covers/205.jpeg";"https://www.rebuy.co.uk/sell/samsung-g955f-galaxy-s8-plus-64gb-midnight-black_10603159"
"10603160";"Samsung";"Samsung G955F Galaxy S8 Plus 64GB orchid grey";"http://d2wr8zbg9aclns.cloudfront.net/products/010/603/160/covers/205.jpeg";"https://www.rebuy.co.uk/sell/samsung-g955f-galaxy-s8-plus-64gb-orchid-grey_10603160"
"10603161";"Samsung";"Samsung G955F Galaxy S8 Plus 64GB arctic silver";"http://d2wr8zbg9aclns.cloudfront.net/products/010/603/161/covers/205.jpeg";"https://www.rebuy.co.uk/sell/samsung-g955f-galaxy-s8-plus-64gb-arctic-silver_10603161"
"10612718";"Samsung";"Samsung G935F Galaxy S7 edge 32GB coral blue";"http://d2wr8zbg9aclns.cloudfront.net/products/010/612/718/covers/205.jpeg";"https://www.rebuy.co.uk/sell/samsung-g935f-galaxy-s7-edge-32gb-coral-blue_10612718"
"10648894";"Samsung";"Samsung A710FD Galaxy A7 (2016) DuoS 16GB pearl white";"http://d2wr8zbg9aclns.cloudfront.net/products/010/648/894/covers/205.jpeg";"https://www.rebuy.co.uk/sell/samsung-a710fd-galaxy-a7-2016-duos-16gb-pearl-white_10648894"
"10648988";"Samsung";"Samsung J510F Galaxy J5 (2016) 16GB gold";"http://d2wr8zbg9aclns.cloudfront.net/products/010/648/988/covers/205.jpeg";"https://www.rebuy.co.uk/sell/samsung-j510f-galaxy-j5-2016-16gb-gold_10648988"
"10650884";"Samsung";"Samsung J710FN Galaxy J7 (2016) DuoS 16GB black";"http://d2wr8zbg9aclns.cloudfront.net/products/010/650/884/covers/205.jpeg";"https://www.rebuy.co.uk/sell/samsung-j710fn-galaxy-j7-2016-duos-16gb-black_10650884"
"10675386";"Samsung";"Samsung J730FD Galaxy J7 (2017) DUOS 16GB black";"http://d2wr8zbg9aclns.cloudfront.net/products/010/675/386/covers/205.jpeg";"https://www.rebuy.co.uk/sell/samsung-j730fd-galaxy-j7-2017-duos-16gb-black_10675386"
"10675387";"Samsung";"Samsung J730FD Galaxy J7 (2017) DUOS 16GB silver blue";"http://d2wr8zbg9aclns.cloudfront.net/products/010/675/387/covers/205.jpeg";"https://www.rebuy.co.uk/sell/samsung-j730fd-galaxy-j7-2017-duos-16gb-silver-blue_10675387"
"10675388";"Samsung";"Samsung J730FD Galaxy J7 (2017) DUOS 16GB gold";"http://d2wr8zbg9aclns.cloudfront.net/products/010/675/388/covers/205.jpeg";"https://www.rebuy.co.uk/sell/samsung-j730fd-galaxy-j7-2017-duos-16gb-gold_10675388"
"10700825";"Samsung";"Samsung A710FD Galaxy A7 (2016) DuoS 16GB black";"http://d2wr8zbg9aclns.cloudfront.net/products/010/700/825/covers/205.jpeg";"https://www.rebuy.co.uk/sell/samsung-a710fd-galaxy-a7-2016-duos-16gb-black_10700825"
"10710370";"Samsung";"Samsung N950F Galaxy Note 8 64GB maple gold";"http://d2wr8zbg9aclns.cloudfront.net/products/010/710/370/covers/205.jpeg";"https://www.rebuy.co.uk/sell/samsung-n950f-galaxy-note-8-64gb-maple-gold_10710370"
"10716447";"Samsung";"Samsung N950FD Galaxy Note 8 DuoS 64GB midnight black";"http://d2wr8zbg9aclns.cloudfront.net/products/010/716/447/covers/205.jpeg";"https://www.rebuy.co.uk/sell/samsung-n950fd-galaxy-note-8-duos-64gb-midnight-black_10716447"
"10716448";"Samsung";"Samsung N950FD Galaxy Note 8 DuoS 64GB maple gold";"http://d2wr8zbg9aclns.cloudfront.net/products/010/716/448/covers/205.jpeg";"https://www.rebuy.co.uk/sell/samsung-n950fd-galaxy-note-8-duos-64gb-maple-gold_10716448"
"10727013";"Apple";"Apple iPhone 8 256GB silver";"http://d2wr8zbg9aclns.cloudfront.net/products/010/727/013/covers/205.jpeg";"https://www.rebuy.co.uk/sell/apple-iphone-8-256gb-silver_10727013"
"10727027";"Apple";"Apple iPhone 8 Plus 64GB silver";"http://d2wr8zbg9aclns.cloudfront.net/products/010/727/027/covers/205.jpeg";"https://www.rebuy.co.uk/sell/apple-iphone-8-plus-64gb-silver_10727027"
"10727028";"Apple";"Apple iPhone 8 Plus 256GB silver";"http://d2wr8zbg9aclns.cloudfront.net/products/010/727/028/covers/205.jpeg";"https://www.rebuy.co.uk/sell/apple-iphone-8-plus-256gb-silver_10727028"
"10727029";"Apple";"Apple iPhone 8 256GB gold";"http://d2wr8zbg9aclns.cloudfront.net/products/010/727/029/covers/205.jpeg";"https://www.rebuy.co.uk/sell/apple-iphone-8-256gb-gold_10727029"
"10727031";"Apple";"Apple iPhone 8 Plus 64GB gold";"http://d2wr8zbg9aclns.cloudfront.net/products/010/727/031/covers/205.jpeg";"https://www.rebuy.co.uk/sell/apple-iphone-8-plus-64gb-gold_10727031"
"10727032";"Apple";"Apple iPhone 8 Plus 256GB gold";"http://d2wr8zbg9aclns.cloudfront.net/products/010/727/032/covers/205.jpeg";"https://www.rebuy.co.uk/sell/apple-iphone-8-plus-256gb-gold_10727032"
"10727033";"Apple";"Apple iPhone 8 64GB space grey";"http://d2wr8zbg9aclns.cloudfront.net/products/010/727/033/covers/205.jpeg";"https://www.rebuy.co.uk/sell/apple-iphone-8-64gb-space-grey_10727033"
"10727034";"Apple";"Apple iPhone 8 256GB space grey";"http://d2wr8zbg9aclns.cloudfront.net/products/010/727/034/covers/205.jpeg";"https://www.rebuy.co.uk/sell/apple-iphone-8-256gb-space-grey_10727034"
"10727035";"Apple";"Apple iPhone 8 Plus 64GB space grey";"http://d2wr8zbg9aclns.cloudfront.net/products/010/727/035/covers/205.jpeg";"https://www.rebuy.co.uk/sell/apple-iphone-8-plus-64gb-space-grey_10727035"
"10727036";"Apple";"Apple iPhone 8 Plus 256GB space grey";"http://d2wr8zbg9aclns.cloudfront.net/products/010/727/036/covers/205.jpeg";"https://www.rebuy.co.uk/sell/apple-iphone-8-plus-256gb-space-grey_10727036"
"10727037";"Apple";"Apple iPhone X 64GB silver";"http://d2wr8zbg9aclns.cloudfront.net/products/010/727/037/covers/205.jpeg";"https://www.rebuy.co.uk/sell/apple-iphone-x-64gb-silver_10727037"
"10727038";"Apple";"Apple iPhone X 256GB silver";"http://d2wr8zbg9aclns.cloudfront.net/products/010/727/038/covers/205.jpeg";"https://www.rebuy.co.uk/sell/apple-iphone-x-256gb-silver_10727038"
"10727039";"Apple";"Apple iPhone X 64GB space grey";"http://d2wr8zbg9aclns.cloudfront.net/products/010/727/039/covers/205.jpeg";"https://www.rebuy.co.uk/sell/apple-iphone-x-64gb-space-grey_10727039"
"10727041";"Apple";"Apple iPhone X 256GB space grey";"http://d2wr8zbg9aclns.cloudfront.net/products/010/727/041/covers/205.jpeg";"https://www.rebuy.co.uk/sell/apple-iphone-x-256gb-space-grey_10727041"
"10727055";"Samsung";"Samsung G950F Galaxy S8 64GB coral blue";"http://d2wr8zbg9aclns.cloudfront.net/products/010/727/055/covers/205.jpeg";"https://www.rebuy.co.uk/sell/samsung-g950f-galaxy-s8-64gb-coral-blue_10727055"
"10730020";"Apple";"Apple iPhone 7 32GB jet black";"http://d2wr8zbg9aclns.cloudfront.net/products/010/730/020/covers/205.jpeg";"https://www.rebuy.co.uk/sell/apple-iphone-7-32gb-jet-black_10730020"
"10730021";"Apple";"Apple iPhone 7 Plus 32GB jet black";"http://d2wr8zbg9aclns.cloudfront.net/products/010/730/021/covers/205.jpeg";"https://www.rebuy.co.uk/sell/apple-iphone-7-plus-32gb-jet-black_10730021"
"10755662";"Samsung";"Samsung G955F Galaxy S8 Plus 64GB coral blue";"http://d2wr8zbg9aclns.cloudfront.net/products/010/755/662/covers/205.jpeg";"https://www.rebuy.co.uk/sell/samsung-g955f-galaxy-s8-plus-64gb-coral-blue_10755662"
"10902929";"Samsung";"Samsung N950F Galaxy Note 8 64GB deepsea blue";"http://d2wr8zbg9aclns.cloudfront.net/products/010/902/929/covers/205.jpeg";"https://www.rebuy.co.uk/sell/samsung-n950f-galaxy-note-8-64gb-deepsea-blue_10902929"
"10914400";"Samsung";"Samsung G955FD Galaxy S8 Plus DuoS 64GB midnight black";"http://d2wr8zbg9aclns.cloudfront.net/products/010/914/400/covers/205.jpeg";"https://www.rebuy.co.uk/sell/samsung-g955fd-galaxy-s8-plus-duos-64gb-midnight-black-b2b-trade_10914400"
"10922841";"Samsung";"Samsung G955FD Galaxy S8 Plus DuoS 64GB coral blue";"http://d2wr8zbg9aclns.cloudfront.net/products/010/922/841/covers/205.jpeg";"https://www.rebuy.co.uk/sell/samsung-g955fd-galaxy-s8-plus-duos-64gb-midnight-black_10922841"
"10922843";"Samsung";"Samsung G955FD Galaxy S8 Plus DuoS 64GB maple gold";"http://d2wr8zbg9aclns.cloudfront.net/products/010/922/843/covers/205.jpeg";"https://www.rebuy.co.uk/sell/samsung-g955fd-galaxy-s8-plus-duos-64gb-coral-blue_10922843"
"10922940";"Samsung";"Samsung G955F Galaxy S8 Plus 64GB rose pink";"http://d2wr8zbg9aclns.cloudfront.net/products/010/922/940/covers/205.jpeg";"https://www.rebuy.co.uk/sell/samsung-g955f-galaxy-s8-plus-64gb-orchid-grey_10922940"
"10923623";"Samsung";"Samsung G950F Galaxy S8 64GB rose pink";"http://d2wr8zbg9aclns.cloudfront.net/products/010/923/623/covers/205.jpeg";"https://www.rebuy.co.uk/sell/samsung-g950f-galaxy-s8-64gb-coral-blue_10923623"
"10935755";"Apple";"Apple iPhone 8 64GB rot [(PRODUCT) RED Special Edition]";"http://d2wr8zbg9aclns.cloudfront.net/products/010/935/755/covers/205.jpeg";"https://www.rebuy.co.uk/sell/apple-iphone-8-64gb-space-grau_10935755"
"10935756";"Apple";"Apple iPhone 8 256GB rot [(PRODUCT) RED Special Edition]";"http://d2wr8zbg9aclns.cloudfront.net/products/010/935/756/covers/205.jpeg";"https://www.rebuy.co.uk/sell/apple-iphone-8-64gb-rot-product-red-special-edition_10935756"
"10935757";"Apple";"Apple iPhone 8 Plus 64GB rot [(PRODUCT) RED Special Edition]";"http://d2wr8zbg9aclns.cloudfront.net/products/010/935/757/covers/205.jpeg";"https://www.rebuy.co.uk/sell/apple-iphone-8-plus-64gb-space-grau_10935757"
"10963939";"Samsung";"Samsung A600FD Galaxy A6 (2018) Dual SIM 32GB black";"http://d2wr8zbg9aclns.cloudfront.net/products/010/963/939/covers/205.jpeg";"https://www.rebuy.co.uk/sell/samsung-a600fd-galaxy-a6-2018-dual-sim-32gb-black_10963939"
"10963940";"Samsung";"Samsung A600FD Galaxy A6 (2018) Dual SIM 32GB gold";"http://d2wr8zbg9aclns.cloudfront.net/products/010/963/940/covers/205.jpeg";"https://www.rebuy.co.uk/sell/samsung-a600fd-galaxy-a6-2018-dual-sim-32gb-gold_10963940"
"10963941";"Samsung";"Samsung A600FD Galaxy A6 (2018) Dual SIM 32GB lavender";"http://d2wr8zbg9aclns.cloudfront.net/products/010/963/941/covers/205.jpeg";"https://www.rebuy.co.uk/sell/samsung-a600fd-galaxy-a6-2018-dual-sim-32gb-lavender_10963941"
"10963942";"Samsung";"Samsung A605FD Galaxy A6 Plus (2018) Dual SIM 32GB black";"http://d2wr8zbg9aclns.cloudfront.net/products/010/963/942/covers/205.jpeg";"https://www.rebuy.co.uk/sell/samsung-a605fd-galaxy-a6-plus-2018-dual-sim-32gb-black_10963942"
"10963943";"Samsung";"Samsung A605FD Galaxy A6 Plus (2018) Dual SIM 32GB gold";"http://d2wr8zbg9aclns.cloudfront.net/products/010/963/943/covers/205.jpeg";"https://www.rebuy.co.uk/sell/samsung-a605fd-galaxy-a6-plus-2018-dual-sim-32gb-gold_10963943"
"10963944";"Samsung";"Samsung A605FD Galaxy A6 Plus (2018) Dual SIM 32GB lavender";"http://d2wr8zbg9aclns.cloudfront.net/products/010/963/944/covers/205.jpeg";"https://www.rebuy.co.uk/sell/samsung-a605fd-galaxy-a6-plus-2018-dual-sim-32gb-lavender_10963944"
"10972723";"Samsung";"Samsung G9550 Galaxy S8 Plus DuoS 128GB orchid grey";"http://d2wr8zbg9aclns.cloudfront.net/products/010/972/723/covers/205.jpeg";"https://www.rebuy.co.uk/sell/samsung-g955f-galaxy-s8-plus-64gb-orchid-grey_10972723"
"10984871";"Samsung";"Samsung J720FD Galaxy J7 (2018) DUOS 32GB black";"http://d2wr8zbg9aclns.cloudfront.net/products/010/984/871/covers/205.jpeg";"https://www.rebuy.co.uk/sell/samsung-j730fd-galaxy-j7-2017-duos-16gb-black_10984871"
"10984872";"Samsung";"Samsung J720FD Galaxy J7 (2018) DUOS 32GB gold";"http://d2wr8zbg9aclns.cloudfront.net/products/010/984/872/covers/205.jpeg";"https://www.rebuy.co.uk/sell/samsung-j720fd-galaxy-j7-2018-duos-32gb-gold_10984872"
"10984873";"Samsung";"Samsung J720FD Galaxy J7 (2018) DUOS 32GB orchid grey";"http://d2wr8zbg9aclns.cloudfront.net/products/010/984/873/covers/205.jpeg";"https://www.rebuy.co.uk/sell/samsung-j720fd-galaxy-j7-2018-duos-32gb-orchid-grey_10984873"
"10988437";"Samsung";"Samsung N960F Galaxy Note 9 DUOS 128GB midnight black";"http://d2wr8zbg9aclns.cloudfront.net/products/010/988/437/covers/205.jpeg";"https://www.rebuy.co.uk/sell/samsung-n950fd-galaxy-note-8-duos-64gb-midnight-black_10988437"
"10988440";"Samsung";"Samsung N960F Galaxy Note 9 DUOS 512GB midnight black";"http://d2wr8zbg9aclns.cloudfront.net/products/010/988/440/covers/205.jpeg";"https://www.rebuy.co.uk/sell/samsung-n960f-galaxy-note-9-duos-128gb-midnight-black_10988440"
"10988442";"Samsung";"Samsung N960F Galaxy Note 9 DUOS 512GB ocean blue";"http://d2wr8zbg9aclns.cloudfront.net/products/010/988/442/covers/205.jpeg";"https://www.rebuy.co.uk/sell/samsung-n960f-galaxy-note-9-duos-512gb-midnight-black_10988442"
"10988444";"Samsung";"Samsung N960F Galaxy Note 9 DUOS 128GB ocean blue";"http://d2wr8zbg9aclns.cloudfront.net/products/010/988/444/covers/205.jpeg";"https://www.rebuy.co.uk/sell/samsung-n960f-galaxy-note-9-duos-512gb-ocean-blue_10988444"
"10999748";"Samsung";"Samsung G9550 Galaxy S8 Plus DuoS 128GB midnight black";"http://d2wr8zbg9aclns.cloudfront.net/products/010/999/748/covers/205.jpeg";"https://www.rebuy.co.uk/sell/samsung-g9550-galaxy-s8-plus-duos-128gb-orchid-grey_10999748"
"11006353";"Samsung";"Samsung J727P Galaxy J7 (2017) 16GB black";"http://d2wr8zbg9aclns.cloudfront.net/products/011/006/353/covers/205.jpeg";"https://www.rebuy.co.uk/sell/samsung-j727p-galaxy-j7-2017-16gb-black_11006353"
"11008284";"Apple";"Apple iPhone XR Dual SIM 64GB white";"http://d2wr8zbg9aclns.cloudfront.net/products/011/008/284/covers/205.jpeg";"https://www.rebuy.co.uk/sell/apple-iphone-xr-dual-sim-64gb-white_11008284"
"11008285";"Apple";"Apple iPhone XR Dual SIM 128GB white";"http://d2wr8zbg9aclns.cloudfront.net/products/011/008/285/covers/205.jpeg";"https://www.rebuy.co.uk/sell/apple-iphone-xr-dual-sim-128gb-white_11008285"
"11008286";"Apple";"Apple iPhone XR Dual SIM 256GB white";"http://d2wr8zbg9aclns.cloudfront.net/products/011/008/286/covers/205.jpeg";"https://www.rebuy.co.uk/sell/apple-iphone-xr-dual-sim-256gb-white_11008286"
"11008287";"Apple";"Apple iPhone XR Dual SIM 64GB black";"http://d2wr8zbg9aclns.cloudfront.net/products/011/008/287/covers/205.jpeg";"https://www.rebuy.co.uk/sell/apple-iphone-xr-dual-sim-64gb-balck_11008287"
"11008288";"Apple";"Apple iPhone XR Dual SIM 128GB black";"http://d2wr8zbg9aclns.cloudfront.net/products/011/008/288/covers/205.jpeg";"https://www.rebuy.co.uk/sell/apple-iphone-xr-dual-sim-128gb-balck_11008288"
"11008289";"Apple";"Apple iPhone XR Dual SIM 256GB black";"http://d2wr8zbg9aclns.cloudfront.net/products/011/008/289/covers/205.jpeg";"https://www.rebuy.co.uk/sell/apple-iphone-xr-dual-sim-256gb-balck_11008289"
"11008290";"Apple";"Apple iPhone XR Dual SIM 64GB blue";"http://d2wr8zbg9aclns.cloudfront.net/products/011/008/290/covers/205.jpeg";"https://www.rebuy.co.uk/sell/apple-iphone-xr-dual-sim-64gb-blue_11008290"
"11008291";"Apple";"Apple iPhone XR Dual SIM 128GB blue";"http://d2wr8zbg9aclns.cloudfront.net/products/011/008/291/covers/205.jpeg";"https://www.rebuy.co.uk/sell/apple-iphone-xr-dual-sim-128gb-blue_11008291"
"11008292";"Apple";"Apple iPhone XR Dual SIM 256GB blue";"http://d2wr8zbg9aclns.cloudfront.net/products/011/008/292/covers/205.jpeg";"https://www.rebuy.co.uk/sell/apple-iphone-xr-dual-sim-256gb-blue_11008292"
"11008293";"Apple";"Apple iPhone XR Dual SIM 64GB yellow";"http://d2wr8zbg9aclns.cloudfront.net/products/011/008/293/covers/205.jpeg";"https://www.rebuy.co.uk/sell/apple-iphone-xr-dual-sim-64gb-yellow_11008293"
"11008294";"Apple";"Apple iPhone XR Dual SIM 128GB yellow";"http://d2wr8zbg9aclns.cloudfront.net/products/011/008/294/covers/205.jpeg";"https://www.rebuy.co.uk/sell/apple-iphone-xr-dual-sim-128gb-yellow_11008294"
"11008295";"Apple";"Apple iPhone XR Dual SIM 256GB yellow";"http://d2wr8zbg9aclns.cloudfront.net/products/011/008/295/covers/205.jpeg";"https://www.rebuy.co.uk/sell/apple-iphone-xr-dual-sim-256gb-yellow_11008295"
"11008296";"Apple";"Apple iPhone XR Dual SIM 64GB coral";"http://d2wr8zbg9aclns.cloudfront.net/products/011/008/296/covers/205.jpeg";"https://www.rebuy.co.uk/sell/apple-iphone-xr-dual-sim-64gb-coral_11008296"
"11008297";"Apple";"Apple iPhone XR Dual SIM 128GB coral";"http://d2wr8zbg9aclns.cloudfront.net/products/011/008/297/covers/205.jpeg";"https://www.rebuy.co.uk/sell/apple-iphone-xr-dual-sim-128gb-coral_11008297"
"11008298";"Apple";"Apple iPhone XR Dual SIM 256GB coral";"http://d2wr8zbg9aclns.cloudfront.net/products/011/008/298/covers/205.jpeg";"https://www.rebuy.co.uk/sell/apple-iphone-xr-dual-sim-256gb-coral_11008298"
"11008299";"Apple";"Apple iPhone XR Dual SIM 64GB red [(PRODUCT) RED Special Edition]";"http://d2wr8zbg9aclns.cloudfront.net/products/011/008/299/covers/205.jpeg";"https://www.rebuy.co.uk/sell/apple-iphone-xr-dual-sim-64gb-red-product-red-special-edition_11008299"
"11008300";"Apple";"Apple iPhone XR Dual SIM 128GB red [(PRODUCT) RED Special Edition]";"http://d2wr8zbg9aclns.cloudfront.net/products/011/008/300/covers/205.jpeg";"https://www.rebuy.co.uk/sell/apple-iphone-xr-dual-sim-128gb-red-product-red-special-edition_11008300"
"11008301";"Apple";"Apple iPhone XR Dual SIM 256GB red [(PRODUCT) RED Special Edition]";"http://d2wr8zbg9aclns.cloudfront.net/products/011/008/301/covers/205.jpeg";"https://www.rebuy.co.uk/sell/apple-iphone-xr-dual-sim-256gb-red-product-red-special-edition_11008301"
"11008302";"Apple";"Apple iPhone XS Dual SIM 64GB silver";"http://d2wr8zbg9aclns.cloudfront.net/products/011/008/302/covers/205.jpeg";"https://www.rebuy.co.uk/sell/apple-iphone-xs-dual-sim-64gb-silver_11008302"
"11008303";"Apple";"Apple iPhone XS Dual SIM 256GB silver";"http://d2wr8zbg9aclns.cloudfront.net/products/011/008/303/covers/205.jpeg";"https://www.rebuy.co.uk/sell/apple-iphone-xs-dual-sim-256gb-silver_11008303"
"11008304";"Apple";"Apple iPhone XS Dual SIM 512GB silver";"http://d2wr8zbg9aclns.cloudfront.net/products/011/008/304/covers/205.jpeg";"https://www.rebuy.co.uk/sell/apple-iphone-xs-dual-sim-512gb-silver_11008304"
"11008305";"Apple";"Apple iPhone XS Dual SIM 64GB space grey";"http://d2wr8zbg9aclns.cloudfront.net/products/011/008/305/covers/205.jpeg";"https://www.rebuy.co.uk/sell/apple-iphone-xs-dual-sim-64gb-space-grey_11008305"
"11008306";"Apple";"Apple iPhone XS Dual SIM 256GB space grey";"http://d2wr8zbg9aclns.cloudfront.net/products/011/008/306/covers/205.jpeg";"https://www.rebuy.co.uk/sell/apple-iphone-xs-dual-sim-256gb-space-grey_11008306"
"11008307";"Apple";"Apple iPhone XS Dual SIM 512GB space grey";"http://d2wr8zbg9aclns.cloudfront.net/products/011/008/307/covers/205.jpeg";"https://www.rebuy.co.uk/sell/apple-iphone-xs-dual-sim-512gb-space-grey_11008307"
"11008308";"Apple";"Apple iPhone XS Dual SIM 64GB gold";"http://d2wr8zbg9aclns.cloudfront.net/products/011/008/308/covers/205.jpeg";"https://www.rebuy.co.uk/sell/apple-iphone-xs-dual-sim-64gb-gold_11008308"
"11008309";"Apple";"Apple iPhone XS Dual SIM 256GB gold";"http://d2wr8zbg9aclns.cloudfront.net/products/011/008/309/covers/205.jpeg";"https://www.rebuy.co.uk/sell/apple-iphone-xs-dual-sim-256gb-gold_11008309"
"11008310";"Apple";"Apple iPhone XS Dual SIM 512GB gold";"http://d2wr8zbg9aclns.cloudfront.net/products/011/008/310/covers/205.jpeg";"https://www.rebuy.co.uk/sell/apple-iphone-xs-dual-sim-512gb-gold_11008310"
"11008311";"Apple";"Apple iPhone XS Max Dual SIM 64GB silver";"http://d2wr8zbg9aclns.cloudfront.net/products/011/008/311/covers/205.jpeg";"https://www.rebuy.co.uk/sell/apple-iphone-xs-max-dual-sim-64gb-silver_11008311"
"11008312";"Apple";"Apple iPhone XS Max Dual SIM 256GB silver";"http://d2wr8zbg9aclns.cloudfront.net/products/011/008/312/covers/205.jpeg";"https://www.rebuy.co.uk/sell/apple-iphone-xs-max-dual-sim-256gb-silver_11008312"
"11008313";"Apple";"Apple iPhone XS Max Dual SIM 512GB silver";"http://d2wr8zbg9aclns.cloudfront.net/products/011/008/313/covers/205.jpeg";"https://www.rebuy.co.uk/sell/apple-iphone-xs-max-dual-sim-512gb-silver_11008313"
"11008314";"Apple";"Apple iPhone XS Max Dual SIM 64GB space grey";"http://d2wr8zbg9aclns.cloudfront.net/products/011/008/314/covers/205.jpeg";"https://www.rebuy.co.uk/sell/apple-iphone-xs-max-dual-sim-64gb-space-grey_11008314"
"11008315";"Apple";"Apple iPhone XS Max Dual SIM 256GB space grey";"http://d2wr8zbg9aclns.cloudfront.net/products/011/008/315/covers/205.jpeg";"https://www.rebuy.co.uk/sell/apple-iphone-xs-max-dual-sim-256gb-space-grey_11008315"
"11008316";"Apple";"Apple iPhone XS Max Dual SIM 512GB space grey";"http://d2wr8zbg9aclns.cloudfront.net/products/011/008/316/covers/205.jpeg";"https://www.rebuy.co.uk/sell/apple-iphone-xs-max-dual-sim-512gb-space-grey_11008316"
"11008317";"Apple";"Apple iPhone XS Max Dual SIM 64GB gold";"http://d2wr8zbg9aclns.cloudfront.net/products/011/008/317/covers/205.jpeg";"https://www.rebuy.co.uk/sell/apple-iphone-xs-max-dual-sim-64gb-gold_11008317"
"11008318";"Apple";"Apple iPhone XS Max Dual SIM 256GB gold";"http://d2wr8zbg9aclns.cloudfront.net/products/011/008/318/covers/205.jpeg";"https://www.rebuy.co.uk/sell/apple-iphone-xs-max-dual-sim-256gb-gold_11008318"
"11008319";"Apple";"Apple iPhone XS Max Dual SIM 512GB gold";"http://d2wr8zbg9aclns.cloudfront.net/products/011/008/319/covers/205.jpeg";"https://www.rebuy.co.uk/sell/apple-iphone-xs-max-dual-sim-512gb-gold_11008319"
"11013703";"Samsung";"Samsung J600FN Galaxy J6 32GB black";"http://d2wr8zbg9aclns.cloudfront.net/products/011/013/703/covers/205.jpeg";"https://www.rebuy.co.uk/sell/samsung-j600fn-galaxy-j6-32gb-black_11013703"
"11015123";"Samsung";"Samsung N960F Galaxy Note 9 DUOS 128GB frosted lavender";"http://d2wr8zbg9aclns.cloudfront.net/products/011/015/123/covers/205.jpeg";"https://www.rebuy.co.uk/sell/samsung-n960f-galaxy-note-9-duos-128gb-frosted-lavender_11015123"
"11015145";"Samsung";"Samsung A605FN Galaxy A6 Plus (2018) 32GB black";"http://d2wr8zbg9aclns.cloudfront.net/products/011/015/145/covers/205.jpeg";"https://www.rebuy.co.uk/sell/samsung-a605fn-galaxy-a6-plus-2018-32gb-black_11015145"
"11016146";"Samsung";"Samsung A600FN Galaxy A6 (2018) 32GB black";"http://d2wr8zbg9aclns.cloudfront.net/products/011/016/146/covers/205.jpeg";"https://www.rebuy.co.uk/sell/samsung-a600fn-galaxy-a6-2018-32gb-black_11016146"
"11016194";"Samsung";"Samsung A750FD Galaxy A7 (2018) Dual SIM 64GB blue";"http://d2wr8zbg9aclns.cloudfront.net/products/011/016/194/covers/205.jpeg";"https://www.rebuy.co.uk/sell/samsung-a750fd-galaxy-a7-2018-dual-sim-64gb-blue_11016194"
"11016195";"Samsung";"Samsung A750FD Galaxy A7 (2018) Dual SIM 64GB black";"http://d2wr8zbg9aclns.cloudfront.net/products/011/016/195/covers/205.jpeg";"https://www.rebuy.co.uk/sell/samsung-a750fd-galaxy-a7-2018-dual-sim-64gb-black_11016195"
"11016196";"Samsung";"Samsung A750FD Galaxy A7 (2018) Dual SIM 64GB gold";"http://d2wr8zbg9aclns.cloudfront.net/products/011/016/196/covers/205.jpeg";"https://www.rebuy.co.uk/sell/samsung-a750fd-galaxy-a7-2018-dual-sim-64gb-gold_11016196"
"11016197";"Samsung";"Samsung A920FD Galaxy A9 (2018) Dual SIM 128GB lemonade blue";"http://d2wr8zbg9aclns.cloudfront.net/products/011/016/197/covers/205.jpeg";"https://www.rebuy.co.uk/sell/samsung-a920fd-galaxy-a9-2018-dual-sim-128gb-lemonade-blue_11016197"
"11016198";"Samsung";"Samsung A920FD Galaxy A9 (2018) Dual SIM 128GB caviar black";"http://d2wr8zbg9aclns.cloudfront.net/products/011/016/198/covers/205.jpeg";"https://www.rebuy.co.uk/sell/samsung-a920fd-galaxy-a9-2018-dual-sim-128gb-caviar-black_11016198"
"11016199";"Samsung";"Samsung A920FD Galaxy A9 (2018) Dual SIM 128GB bubblegum pink";"http://d2wr8zbg9aclns.cloudfront.net/products/011/016/199/covers/205.jpeg";"https://www.rebuy.co.uk/sell/samsung-a920fd-galaxy-a9-2018-dual-sim-128gb-bubblegum-pink_11016199"
"11022542";"Samsung";"Samsung A530F Galaxy A8 (2018) 32GB gold";"http://d2wr8zbg9aclns.cloudfront.net/products/011/022/542/covers/205.jpeg";"https://www.rebuy.co.uk/sell/samsung-a530f-galaxy-a8-2018-32gb-gold_11022542"
"11033660";"Samsung";"Samsung A530F/DS Galaxy A8 (2018) Dual SIM 64GB black";"http://d2wr8zbg9aclns.cloudfront.net/products/011/033/660/covers/205.jpeg";"https://www.rebuy.co.uk/sell/samsung-a530f-ds-galaxy-a8-2018-dual-sim-64gb-black_11033660"
"11045335";"Samsung";"Samsung A750FD Galaxy A7 (2017) Dual SIM 32GB sand gold";"http://d2wr8zbg9aclns.cloudfront.net/products/011/045/335/covers/205.jpeg";"https://www.rebuy.co.uk/sell/samsung-a750fd-galaxy-a7-2017-dual-sim-32gb-sand-gold_11045335"
"11052833";"Samsung";"Samsung N920C Galaxy Note 5 32GB silver titanium";"http://d2wr8zbg9aclns.cloudfront.net/products/011/052/833/covers/205.jpeg";"https://www.rebuy.co.uk/sell/samsung-n920c-galaxy-note-5-32gb-silver-titanium_11052833"
"11052834";"Samsung";"Samsung A600FN Galaxy A6 (2018) 32GB lavender";"http://d2wr8zbg9aclns.cloudfront.net/products/011/052/834/covers/205.jpeg";"https://www.rebuy.co.uk/sell/samsung-a600fn-galaxy-a6-2018-32gb-lavender_11052834"
"11064127";"Samsung";"Samsung A750FN Galaxy A7 (2018) 64GB blue";"http://d2wr8zbg9aclns.cloudfront.net/products/011/064/127/covers/205.jpeg";"https://www.rebuy.co.uk/sell/samsung-a750fn-galaxy-a7-2018-64gb-blue_11064127"
